ID,Name,ETH Wallet Address,Points
1,cetsn,0xROxYSq9ZM2zrN21K02B0oVlvpeDWqNn2rp3gS1PZ,71
2,gxumry,0x6ba9nj0to8CupW31qGEfROxYSq9ZM2zrN21K02B0,837
3,yntokkeo,0xVlvpeDWqNn2rp3gS1PZTJz4U1Rs9UBL1d212mDw3,970
4,rkpnp,0xmXS034GNxq2jCWR0iKF75YTArdQwPrE7vXS4ALpN,669
5,akvsjhgl,0xi54Q9y8nC5fbZHt2v71m6s5aP291Mwg91BVzO929,729
6,mdadls,0xOroo9t306u3PAV3a1WS1lXUdEYd833nFx42pP52H,594
7,rzymtptuo,0xURRrWBiL5C656mKw798O89N7b4WicQ9AdaZseBrS,378
8,pajcinzod,0x7vXS4ALpN77D2JeR99soMNYci54Q9y8nC5fbZHt2,876
9,tkqmcgbm,0x21upEoZdd2Nr1z1oW8hctbvqq9A78m2bQSupn5i6,864
10,xinogfyot,0xhLH4N3Vb27JyRrg9uYURAMIo94elL8t60shEoZdb,480
11,aolok,0xEoZdb66ryY5gD7hcajMq1OAf7m79QS6pnwid8BN8,50
12,zkbwvou,0xdaZseBrSFl5MG8m6HE7XJ3O18Pf89zQj0ih31k5u,982
13,ardgvi,0xFy5We7xK2aLHXG8VUl3JrRtF94YURTMqOy0elE4s,351
14,efqppzd,0xOy0elE4s21upEoZdd2Nr1z1oW8hctbvqq9A78m2b,391
15,qimkez,0x1v75Qj5CtO3zZ4608p4Skw2P9kXmnP3756IFxqWC,914
16,erfussl,0xelE4s21upEoZdd2Nr1z1oW8hctbvqq9A78m2bQSu,333
17,qpqopxinog,0xD3V4w4E8Oroo9t306u3PAV3a1WS1lXUdEYd833nF,911
18,bvoqoqw,0x3O18Pf89zQj0ih31k5uF7JMGD7NIEMfJOxY2y823,17
19,efqppzd,0x3O18Pf89zQj0ih31k5uF7JMGD7NIEMfJOxY2y823,924
20,ndvkliqsg,0xC656mKw798O89N7b4WicQ9AdaZseBrSFl5MG8m6H,802
21,ortwbp,0x062rjdR1BeuT2fc3mYmV7Z1n4819y9GqR0Q1j1t0,920
22,vquqzzs,0x60K56A4oCsvpD6Nqnn6rw8hS0PZT5g3URRrWBiL5,513
23,cqyrjkhqrn,0xf89zQj0ih31k5uF7JMGD7NIEMfJOxY2y8231X946,875
24,obvoqoqw,0xmn793T1IFy5We7xK2aLHXG8VUl3JrRtF94YURTMq,165
25,aijykavuu,0x2JeR99soMNYci54Q9y8nC5fbZHt2v71m6s5aP291,930
26,uxmsqgjd,0xk6N40zB2fF3542v30Pj1V3O4sa0219402DwJP0kX,459
27,eypsnxen,0x5fbZHt2v71m6s5aP291Mwg91BVzO929KK68hq068,445
28,okkeo,0xfF3542v30Pj1V3O4sa0219402DwJP0kXmn793T1I,846
29,cgqxrlxz,0xq068OI8B6W6yZ35u67T5Iv5O8J4mmXS034GNxq2j,101
30,cybvclr,0xkebbCg523h0eNi0n8JFG5KpqzLsI0MaSk142C2MU,675
31,woevtsei,0xmeA58y3HOR4q005RQIfbj5g967h4lni497JFNfKp,561
32,qcqkxewjmw,0x52H062rjdR1BeuT2fc3mYmV7Z1n4819y9GqR0Q1j,303
33,wpriu,0xbbCg523h0eNi0n8JFG5KpqzLsI0MaSk142C2MUD3,21
34,rokrz,0x60K56A4oCsvpD6Nqnn6rw8hS0PZT5g3URRrWBiL5,117
35,ntkqmc,0x8hctbvqq9A78m2bQSupn5i6k6N40zB2fF3542v30,99
36,gztveg,0xbbCg523h0eNi0n8JFG5KpqzLsI0MaSk142C2MUD3,721
37,bvoqoqw,0x40zB2fF3542v30Pj1V3O4sa0219402DwJP0kXmn7,137
38,tdlhmqi,0xC656mKw798O89N7b4WicQ9AdaZseBrSFl5MG8m6H,326
39,yotfnjaw,0xYURTMqOy0elE4s21upEoZdd2Nr1z1oW8hctbvqq9,877
40,aolok,0xd2Nr1z1oW8hctbvqq9A78m2bQSupn5i6k6N40zB2,631
41,cqkxew,0xGD7NIEMfJOxY2y8231X9460K56A4oCsvpD6Nqnn6,48
42,pxqpqop,0x0iKF75YTArdQwPrE7vXS4ALpN77D2JeR99soMNYc,61
43,yqfijjsfo,0x2y8231X9460K56A4oCsvpD6Nqnn6rw8hS0PZT5g3,373
44,urigfrrd,0xG8VUl3JrRtF94YURTMqOy0elE4s21upEoZdd2Nr1,495
45,msqgjd,0x0iKF75YTArdQwPrE7vXS4ALpN77D2JeR99soMNYc,212
46,nkuzyde,0x4E8Oroo9t306u3PAV3a1WS1lXUdEYd833nFx42pP,424
47,dngtywfh,0xwJP0kXmn793T1IFy5We7xK2aLHXG8VUl3JrRtF94,506
48,pxinogfyot,0xbZHt2v71m6s5aP291Mwg91BVzO929KK68hq068OI,478
49,dyrrqwzma,0x2y8231X9460K56A4oCsvpD6Nqnn6rw8hS0PZT5g3,31
50,jjuidqwob,0xo4Xa083bIyicQ0AdTAsEcktFlCMG9m2H92X2HOY4,227
51,qnptdkun,0x08qNLmROeF5x6569gy7p8Ru4I7vCscwm4DxNu9Yw,684
52,nfoqgpnc,0xqNn2rp3gS1PZTJz4U1Rs9UBL1d212mDw3o4Xa083,740
53,jwffxyv,0xVTkdQpPrE3vfuRALPo33D3Let04soENGCb00s0y4,302
54,kcrrcmjayx,0xcQ0AdTAsEcktFlCMG9m2H92X2HOY4Py45sQj6ba9,376
55,nznhu,0x2rp3gS1PZTJz4U1Rs9UBL1d212mDw3o4Xa083bIy,650
56,izhwjmyigt,0xs9IBgOn57KT91hqjf6VP6B9D9XG68u9w53rk8W6Q,578
57,hyqssr,0xq9ZM2zrN21K02B0oVlvpeDWqNn2rp3gS1PZTJz4U,460
58,ayxknzj,0xJi77z7F1n48miZqAyv54t4s8hX528udns9IBgOn5,503
59,izhwjmyigt,0xE3vfuRALPo33D3Let04soENGCb00s0y4n71fbSjT,84
60,ytslrv,0x68u9w53rk8W6Q6tTES8677Nex5j7lRgpRM539CAr,450
61,mwpinfoqgp,0xo4Xa083bIyicQ0AdTAsEcktFlCMG9m2H92X2HOY4,506
62,pxgugx,0x7KT91hqjf6VP6B9D9XG68u9w53rk8W6Q6tTES867,479
63,ohjln,0x21K02B0oVlvpeDWqNn2rp3gS1PZTJz4U1Rs9UBL1,194
64,ffkbjjrs,0x7HkAHzLjraMs3TN6tlO65E96V41Pf12zXQ3ih6nq,754
65,xgugxsrr,0x2B0oVlvpeDWqNn2rp3gS1PZTJz4U1Rs9UBL1d212,570
66,uxlyslnent,0xk8W6Q6tTES8677Nex5j7lRgpRM539CArkQwWyLtc,653
67,ayxknzj,0xpeDWqNn2rp3gS1PZTJz4U1Rs9UBL1d212mDw3o4X,654
68,jjrspxg,0x9nj0to8CupW31qGEfROxYSq9ZM2zrN21K02B0oVl,178
69,uxlyslne,0xPv00K0Sla7pzoLUNJi77z7F1n48miZqAyv54t4s8,774
70,hczvxahqe,0xraMs3TN6tlO65E96V41Pf12zXQ3ih6nq7bo5JbpD,353
71,pkvymwp,0xE3vfuRALPo33D3Let04soENGCb00s0y4n71fbSjT,537
72,fkbjjr,0x2QZKYn2p8Skd1p3JXmMXS1950GxqWcCeRziKF8N2,100
73,mjdbxnn,0xmiZqAyv54t4s8hX528udns9IBgOn57KT91hqjf6V,441
74,ambpo,0xupW31qGEfROxYSq9ZM2zrN21K02B0oVlvpeDWqNn,259
75,jmqql,0xa7pzoLUNJi77z7F1n48miZqAyv54t4s8hX528udn,604
76,astqyh,0x92X2HOY4Py45sQj6ba9nj0to8CupW31qGEfROxYS,729
77,epbcnmm,0x4DxNu9YwenZ8WGA8g6B36z7BIS8k989tKd0vd3h7,740
78,fockdstqy,0x8Skd1p3JXmMXS1950GxqWcCeRziKF8N2VTkdQpPr,284
79,ockdstqyko,0x4t4s8hX528udns9IBgOn57KT91hqjf6VP6B9D9XG,989
80,uxscjszv,0x5sQj6ba9nj0to8CupW31qGEfROxYSq9ZM2zrN21K,449
81,sgcscvlpn,0xXa083bIyicQ0AdTAsEcktFlCMG9m2H92X2HOY4Py,497
82,rfbroqutl,0xPy45sQj6ba9nj0to8CupW31qGEfROxYSq9ZM2zrN,703
83,mkmoeula,0xenZ8WGA8g6B36z7BIS8k989tKd0vd3h750i7fpjQ,555
84,agmbjjrs,0xroOHm2l1aQ851nwgl2BUzHgI0DM23ajc19OH9U2W,937
85,oayts,0xn71fbSjTroOHm2l1aQ851nwgl2BUzHgI0DM23ajc,551
86,nzjeuxscjs,0xnj0to8CupW31qGEfROxYSq9ZM2zrN21K02B0oVlv,407
87,dxdzpt,0xicQ0AdTAsEcktFlCMG9m2H92X2HOY4Py45sQj6ba,205
88,rbiriuro,0x6tTES8677Nex5j7lRgpRM539CArkQwWyLtcmb2H6,549
89,pxskkcrrcm,0x1Rs9UBL1d212mDw3o4Xa083bIyicQ0AdTAsEcktF,598
90,uxscjszv,0xsQj6ba9nj0to8CupW31qGEfROxYSq9ZM2zrN21K0,168
91,dzptosz,0xroOHm2l1aQ851nwgl2BUzHgI0DM23ajc19OH9U2W,468
92,xpjjgkr,0xkQwWyLtcmb2H6Pv00K0Sla7pzoLUNJi77z7F1n48,950
93,pkvymwp,0x02B0oVlvpeDWqNn2rp3gS1PZTJz4U1Rs9UBL1d21,289
94,rrqvowv,0x7Nex5j7lRgpRM539CArkQwWyLtcmb2H6Pv00K0Sl,440
95,frmbbvgly,0xd212mDw3o4Xa083bIyicQ0AdTAsEcktFlCMG9m2H,214
96,xgugxsrr,0x7bo5JbpD08qNLmROeF5x6569gy7p8Ru4I7vCscwm,370
97,vowvjjmqql,0xPo33D3Let04soENGCb00s0y4n71fbSjTroOHm2l1,58
98,ombez,0xmb2H6Pv00K0Sla7pzoLUNJi77z7F1n48miZqAyv5,125
99,vspkv,0xa083bIyicQ0AdTAsEcktFlCMG9m2H92X2HOY4Py4,123
100,howgrnec,0xvpeDWqNn2rp3gS1PZTJz4U1Rs9UBL1d212mDw3o4,450
